{
    "2": 0.3629131019115448,
    "3": 0.3953099846839905,
    "4": 0.374127596616745,
    "5": 0.34950312972068787,
    "6": 0.38112208247184753,
    "7": 0.38192349672317505,
    "8": 0.3664220869541168,
    "9": 0.3631882667541504,
    "10": 0.3596090078353882,
    "11": 0.35011640191078186,
    "12": 0.33631521463394165,
    "13": 0.33908703923225403,
    "14": 0.34026193618774414,
    "15": 0.3311154246330261,
    "16": 0.3306366205215454,
    "17": 0.3325935900211334,
    "18": 0.3397538959980011,
    "19": 0.33191752433776855,
    "20": 0.3399750292301178,
    "21": 0.3451371192932129,
    "22": 0.33178240060806274,
    "23": 0.33019134402275085,
    "24": 0.35143163800239563,
    "25": 0.3442840278148651,
    "26": 0.3390258550643921,
    "27": 0.32990869879722595,
    "28": 0.3375713527202606,
    "29": 0.3319372236728668,
    "30": 0.33849045634269714,
    "31": 0.32147854566574097,
    "32": 0.32830101251602173,
    "33": 0.33819249272346497,
    "34": 0.3059380054473877,
    "35": 0.3253040909767151,
    "36": 0.3282858431339264,
    "37": 0.3255375623703003,
    "38": 0.3381362855434418,
    "39": 0.3203943073749542,
    "40": 0.3319437503814697,
    "41": 0.3293682038784027,
    "42": 0.31412461400032043,
    "43": 0.3207084536552429,
    "44": 0.3158191740512848,
    "45": 0.32454535365104675,
    "46": 0.32800203561782837,
    "47": 0.3396889865398407,
    "48": 0.31476837396621704,
    "49": 0.3207525312900543,
    "50": 0.31452476978302
}