{
    "10": 0.3600504954039667,
    "11": 0.369957150808843,
    "12": 0.35771517418359083,
    "13": 0.3569962406125208,
    "14": 0.34084344179304427,
    "15": 0.3375856158983894,
    "16": 0.35633812889254385,
    "17": 0.3472557402436404,
    "18": 0.36037016118285636,
    "19": 0.3522797792881909,
    "20": 0.35400077553591386,
    "21": 0.36050982431806833,
    "22": 0.35075934348629506,
    "23": 0.3471965585874074,
    "24": 0.352688790360385,
    "25": 0.35231965255463266,
    "26": 0.3620258540963876,
    "27": 0.3510546906121512,
    "28": 0.34931438343394206,
    "29": 0.33281537500227637,
    "30": 0.3334950240112296,
    "31": 0.34234058385726,
    "32": 0.34429260277752216,
    "33": 0.3404567484861485,
    "34": 0.33658916435995145,
    "35": 0.32716204953948014,
    "36": 0.3384813501883035,
    "37": 0.35117934455413835,
    "38": 0.3383364413926689,
    "39": 0.32323417255016407,
    "40": 0.33618057192151046,
    "41": 0.32330892871335754,
    "42": 0.3250138081310764,
    "43": 0.3237751326529694,
    "44": 0.3271868628032665,
    "45": 0.3380773451931708,
    "46": 0.31537921155153736,
    "47": 0.33902602149492295,
    "48": 0.3145784016057926,
    "49": 0.3278262644600969,
    "50": 0.320275230392295
}